"id","country","year","population","cases","gdp_per_capita","date","temperature","region"
1,"Brazil",2010,593541736,1058,26999.4732005887,2007-03-06,24.5,"South America"
2,"Brazil",2019,403702602,1005,45156.3608468526,2016-09-25,16.6,"South America"
3,"South Africa",2004,152478982,978,23855.044171025,2003-10-17,12.2,"Africa"
4,"Canada",2013,273509617,975,7692.11693800703,2013-07-26,8.6,"North America"
5,"France",2017,750013308,940,33308.6996213548,2018-07-18,11.3,"Europe"
6,"Germany",2008,516562857,979,16309.578172487,2008-09-19,12.2,"Europe"
7,"UK",2000,842238583,1024,43762.3832119278,2002-11-16,25.9,"Europe"
8,"France",2006,1213707967,948,8133.60784601564,2019-02-04,7.2,"Europe"
9,"Australia",2014,345123425,985,-249.537160332482,2023-10-07,31.4,"Oceania"
10,"South Africa",2016,812777792,999,27089.7853183515,2022-11-20,13.3,"Africa"
11,"Germany",2005,806102009,1026,19032.0416720315,2006-10-11,8.5,"Europe"
12,"Brazil",2012,210860703,1048,59073.249602285,2015-12-05,7.9,"South America"
13,"Australia",2000,1125451431,994,16098.1382876156,2018-12-31,16.9,"Oceania"
14,"Australia",2005,334348883,990,27614.3280750685,2013-02-09,32.5,"Oceania"
15,"Australia",2007,611456950,1017,34666.9910165296,2000-03-02,12.8,"Oceania"
16,"Brazil",2009,127863196,1013,41046.5214355288,2010-11-22,14,"South America"
17,"China",2001,983131268,1041,22844.7593519249,2014-05-06,17.1,"Asia"
18,"South Africa",2020,819624322,1055,51953.4687837575,2004-04-23,15.6,"Africa"
19,"India",2017,1332503899,994,14754.7019538917,2011-03-08,7.6,"Asia"
20,"South Africa",2004,692443132,1002,42992.3698671137,2017-12-18,24.9,"Africa"
21,"Australia",2002,1478759071,957,36364.3640313268,2002-06-04,2.7,"Oceania"
22,"Brazil",2005,1217272521,978,13632.5730813763,2021-07-23,5.2,"South America"
23,"UK",2021,589504232,1013,29131.4857155969,2016-02-10,10.8,"Europe"
24,"USA",2010,289255849,1036,51602.4722391997,2017-03-31,12.2,"North America"
25,"India",2008,774665969,985,20248.2184281537,2007-08-16,25.5,"Asia"
26,"Germany",2021,543191354,945,20102.5102624287,2019-12-05,8.8,"Europe"
27,"South Africa",2019,684785236,949,46010.7745486327,2010-11-21,13.2,"Africa"
28,"India",2014,1426275833,1000,23665.2205845079,2010-11-05,11.7,"Asia"
29,"Australia",2017,717612754,983,27606.6649879084,2004-01-30,31,"Oceania"
30,"Australia",2006,194867995,995,42965.1217117091,2019-09-09,29.5,"Oceania"
31,"South Africa",2008,140974881,987,32575.8276539992,2009-03-17,4.4,"Africa"
32,"India",2013,652388901,1037,22914.2291845554,2007-08-14,19.4,"Asia"
33,"Germany",2010,956649860,968,52408.2844838803,2012-04-01,2,"Europe"
34,"India",2019,1419839770,976,23410.3721128252,2013-09-07,6.7,"Asia"
35,"Germany",2016,1463296286,1017,42181.3012486747,2016-11-05,9.2,"Europe"
36,"France",2011,905380578,983,39456.1188197438,2017-01-04,6.5,"Europe"
37,"Australia",2023,358522811,983,23569.0811595794,2013-03-19,17.3,"Oceania"
38,"Canada",2011,133408176,978,68383.6860347817,2005-11-20,11.9,"North America"
39,"Germany",2018,488016186,982,25878.2265187587,2018-04-26,18.1,"Europe"
40,"China",2012,943825539,959,4220.16774696616,2015-09-28,27.3,"Asia"
41,"Canada",2011,578470250,997,27323.0842928401,2009-04-06,26.7,"North America"
42,"USA",2005,1321654090,970,34902.7372955799,2003-07-30,-5.7,"North America"
43,"Australia",2002,739848754,1006,45288.8565474283,2010-12-30,12.5,"Oceania"
44,"Australia",2011,232085652,1045,40644.1338379857,2011-11-09,19.8,"Oceania"
45,"France",2011,1467985407,1049,21573.9090132192,2002-02-13,26.6,"Europe"
46,"Germany",2010,935132852,907,61848.2823581739,2011-03-16,9.3,"Europe"
47,"Australia",2018,610004090,1010,55249.1536842968,2007-05-23,16.3,"Oceania"
48,"South Africa",2010,143376600,939,22061.1366534256,2015-01-21,31.3,"Africa"
49,"UK",2003,1252369235,1079,5306.50147431053,2011-08-11,17,"Europe"
50,"France",2021,1309650835,1001,18564.2508978001,2015-09-02,33.8,"Europe"
51,"China",2010,1415697126,980,38786.9962774437,2004-09-28,-7.2,"Asia"
52,"France",2001,624297631,992,20524.7009636174,2011-11-18,35.3,"Europe"
53,"France",2006,829366310,994,41894.912187645,2016-11-08,-8.7,"Europe"
54,"India",2005,407756388,1016,14889.5451978955,2012-12-13,26.3,"Asia"
55,"USA",2006,1035516538,967,11307.6360895564,2012-02-05,25.6,"North America"
56,"France",2003,1220488542,1019,39282.9420248255,2018-07-07,11.2,"Europe"
57,"Canada",2022,348402580,995,31528.8986264891,2007-07-21,11.7,"North America"
58,"USA",2015,1013627886,997,24916.9944317603,2002-04-02,18.6,"North America"
59,"Canada",2003,782040377,1041,27973.3123351389,2012-01-25,16.7,"North America"
60,"UK",2008,493310432,1006,24176.4905876273,2013-03-02,17.4,"Europe"
61,"Germany",2004,229881547,1050,1146.96512582242,2008-06-12,28.1,"Europe"
62,"France",2015,778223622,1052,9046.27534936382,2013-11-07,17.3,"Europe"
63,"Brazil",2010,913795246,979,40770.9715668193,2007-01-13,-5.6,"South America"
64,"Australia",2015,111482454,1042,39563.0326732608,2018-01-30,19.2,"Oceania"
65,"UK",2008,545854486,998,70881.7243265944,2017-07-25,11.8,"Europe"
66,"France",2018,1057577750,1007,7638.14837948687,2013-09-28,23.4,"Europe"
67,"Australia",2014,704113747,1062,24164.6078791755,2000-01-30,6.3,"Oceania"
68,"Australia",2010,762995785,983,29421.736359105,2013-04-11,12.5,"Oceania"
69,"India",2016,292913488,1009,38459.2547522283,2003-02-14,-0.4,"Asia"
70,"Brazil",2008,1465063738,994,14168.7553555766,2001-06-24,0.2,"South America"
71,"China",2014,775558176,978,33271.6344973949,2019-12-04,-2.4,"Asia"
72,"Australia",2011,929880662,1000,18095.1109738941,2008-05-20,15.2,"Oceania"
73,"Brazil",2018,695446032,936,30037.3821148456,2014-06-03,-12.4,"South America"
74,"India",2019,1027000656,1017,6191.43998742318,2022-01-20,27.5,"Asia"
75,"Brazil",2006,735259286,1008,16429.7414489787,2014-03-06,8.5,"South America"
76,"India",2010,1430356054,1007,18559.0075621357,2016-11-19,15.1,"Asia"
77,"France",2014,1332378703,1064,35980.8442989927,2021-03-16,27,"Europe"
78,"South Africa",2008,529303243,954,47429.1643767321,2012-12-23,18,"Africa"
79,"Germany",2013,7277941,994,16658.533150753,2021-02-24,19.2,"Europe"
80,"Germany",2023,1452398022,1030,16398.3764403763,2009-08-18,8.6,"Europe"
81,"China",2018,1039718210,992,29173.6800194813,2022-05-19,2.1,"Asia"
82,"Brazil",2010,591642067,994,24591.1643218592,2018-03-29,21.4,"South America"
83,"South Africa",2021,403345490,981,30616.5824817345,2003-08-31,13,"Africa"
84,"Canada",2000,759920323,1005,21098.7598641387,2009-06-15,15,"North America"
85,"South Africa",2008,981620208,950,22534.6442919911,2013-10-18,6.8,"Africa"
86,"Canada",2008,1195961806,1010,22328.9437269871,2004-08-30,9.4,"North America"
87,"South Africa",2022,48724232,987,27582.9045542495,2011-12-04,-7.9,"Africa"
88,"France",2023,807132852,1023,30489.9063853412,2019-09-05,-1.5,"Europe"
89,"UK",2016,167345404,1029,39712.5718667354,2008-07-07,-0.7,"Europe"
90,"USA",2009,1392283428,990,33032.2113126168,2013-04-08,13.2,"North America"
91,"France",2007,70137962,1108,36488.795254383,2000-05-13,4.3,"Europe"
92,"Brazil",2017,377881022,1081,15775.7499489427,2005-01-09,18.9,"South America"
93,"China",2023,1444103767,983,29012.9099055519,2020-09-17,15.4,"Asia"
94,"Brazil",2005,1459918241,1028,32258.6468839841,2016-01-30,10,"South America"
95,"China",2017,598893306,1054,11886.1975023917,2014-06-19,-1.1,"Asia"
96,"USA",2006,1337251716,964,18683.5443409158,2019-03-29,8.3,"North America"
97,"India",2006,1114230652,1003,22590.9171808109,2003-04-07,23.9,"Asia"
98,"India",2011,807510347,1006,30390.8257234464,2016-11-11,19.8,"Asia"
99,"India",2008,1143817571,1046,-3734.91439156242,2001-11-21,11.9,"Asia"
100,"South Africa",2015,98111182,930,50007.8131086581,2007-04-25,-7.4,"Africa"
101,"France",2002,891987235,1040,34816.9179747641,2010-07-10,10.1,"Europe"
102,"India",2002,183042247,965,39034.514312351,2002-01-02,-14.2,"Asia"
103,"South Africa",2020,1432655213,1033,37199.1700696464,2009-10-31,32.7,"Africa"
104,"Germany",2013,542526825,985,33225.0569853499,2000-09-07,15.3,"Europe"
105,"France",2001,458534147,1036,-8025.16343361148,2020-05-21,27.6,"Europe"
106,"China",2003,188366991,1040,30695.4794790535,2013-11-29,13.3,"Asia"
107,"Germany",2000,544610558,1040,29235.8499036919,2020-05-05,35.8,"Europe"
108,"India",2020,32055789,991,2843.04151621807,2004-09-26,6,"Asia"
109,"UK",2009,318575443,954,41827.1369529123,2011-11-23,23.4,"Europe"
110,"Brazil",2023,370536712,1032,7867.64254061053,2010-11-21,14.9,"South America"
111,"Australia",2020,920816116,960,24786.9978472366,2001-04-23,22.3,"Oceania"
112,"India",2005,746229322,1028,6100.03570979602,2008-08-22,1.7,"Asia"
113,"France",2002,306139201,994,22356.7380287346,2007-07-07,37.4,"Europe"
114,"South Africa",2011,1493942695,986,45347.9854152533,2003-03-16,18,"Africa"
115,"Australia",2000,137106198,1043,29392.8101134589,2002-08-24,10,"Oceania"
116,"India",2011,45357972,984,25129.1729499541,2000-01-15,3.1,"Asia"
117,"Canada",2012,405588979,1056,49688.8887029919,2005-01-06,-0.3,"North America"
118,"Brazil",2017,546606334,1014,51003.8513815294,2009-02-28,-3.2,"South America"
119,"China",2000,289817119,980,25238.5035387686,2007-06-13,-2.2,"Asia"
120,"UK",2023,1477324378,1003,18856.4628140309,2011-06-17,15.4,"Europe"
121,"India",2008,433889384,1045,37315.8990732732,2019-01-26,26.2,"Asia"
122,"UK",2001,1061863007,1011,37115.3193782832,2002-08-18,18.5,"Europe"
123,"USA",2002,21687955,988,47854.3184391579,2019-02-23,-4.3,"North America"
124,"China",2021,578134770,1026,13493.4092734788,2010-05-17,15.9,"Asia"
125,"UK",2000,28591841,958,29819.5754344543,2013-10-05,30,"Europe"
126,"Australia",2022,1075875989,1004,36938.7587664233,2014-02-27,25.1,"Oceania"
127,"China",2017,695556962,935,17588.47242818,2007-02-12,33.4,"Asia"
128,"France",2004,1224454535,1006,10508.4209941617,2010-10-01,19.2,"Europe"
129,"UK",2009,1465359199,978,1586.03746023019,2019-07-06,-17.9,"Europe"
130,"China",2010,1307454557,1001,29302.9381769618,2019-11-01,21.4,"Asia"
131,"Brazil",2018,1218977899,1020,29404.3284272461,2014-07-12,17.1,"South America"
132,"UK",2015,1361146241,975,23253.0319546084,2001-02-09,-2.2,"Europe"
133,"UK",2014,976940198,1020,28857.2873287403,2017-02-20,13.7,"Europe"
134,"France",2006,626561906,981,6946.55175291355,2006-02-09,8.3,"Europe"
135,"USA",2015,461452463,1022,41834.2628870215,2021-09-07,10.6,"North America"
136,"South Africa",2017,429006853,1018,32509.7467859331,2003-03-27,19.7,"Africa"
137,"UK",2023,1119783670,949,20941.0081844499,2005-10-12,9.1,"Europe"
138,"Australia",2018,713312747,986,23757.085084056,2009-04-07,8.5,"Oceania"
139,"India",2003,422404334,994,41924.7060574038,2015-09-04,0.4,"Asia"
140,"China",2018,834868896,1062,24386.4861983996,2015-08-21,16.7,"Asia"
141,"Germany",2002,66757884,1037,61675.4005132841,2013-10-19,20.5,"Europe"
142,"Canada",2001,1330950130,1000,45286.4315706343,2000-04-13,20.7,"North America"
143,"France",2012,267857399,999,18842.4461767728,2014-08-06,26.9,"Europe"
144,"Australia",2003,73727923,1000,13892.4496146654,2003-02-04,-8.7,"Oceania"
145,"China",2019,507148011,1003,39687.9904821831,2002-06-14,15.3,"Asia"
146,"South Africa",2021,38293985,1003,29967.0072290118,2015-08-10,1.7,"Africa"
147,"UK",2005,1179940489,978,40086.2444112102,2017-11-13,21.1,"Europe"
148,"Germany",2002,1081741904,931,15398.2553625843,2022-05-02,15.8,"Europe"
149,"India",2020,288770292,966,31391.456366449,2004-07-08,4.3,"Asia"
150,"USA",2020,414456590,1004,29032.9646172717,2013-10-09,11.2,"North America"
151,"China",2007,901511536,953,44685.9232052287,2009-10-03,29,"Asia"
152,"China",2004,157241044,1023,33779.9940667783,2006-03-10,9.6,"Asia"
153,"South Africa",2004,1387037411,1010,24834.5734713805,2013-01-05,-2.2,"Africa"
154,"Australia",2018,93099509,1016,25348.7473900336,2015-02-22,25.9,"Oceania"
155,"China",2011,475077707,981,32879.1581302949,2014-01-08,26.7,"Asia"
156,"Canada",2006,536353626,984,20611.426385784,2003-11-04,8.9,"North America"
157,"Germany",2013,542240082,1012,33511.0936099882,2008-02-01,31.5,"Europe"
158,"Australia",2016,464598103,976,9018.48592392515,2020-11-19,13.3,"Oceania"
159,"India",2001,347246554,981,23710.7232849717,2004-03-20,2.3,"Asia"
160,"India",2016,1154253525,997,43857.1728813876,2006-03-12,11.9,"Asia"
161,"South Africa",2010,1341199540,1047,28991.4319669973,2008-11-18,17.5,"Africa"
162,"South Africa",2013,305402274,1031,48177.1323081822,2019-05-06,20.6,"Africa"
163,"China",2007,507220986,1023,30251.1345480327,2014-08-07,18.9,"Asia"
164,"France",2000,655305909,1004,44808.8094160024,2005-09-04,27.4,"Europe"
165,"India",2001,297723276,977,34817.2105399965,2015-01-01,17.3,"Asia"
166,"South Africa",2009,758054447,1022,21547.0625421079,2001-03-07,20.2,"Africa"
167,"USA",2001,656766776,989,42930.6580044568,2020-08-19,25.3,"North America"
168,"Australia",2005,1448792096,1012,43812.3979339405,2018-02-04,13.3,"Oceania"
169,"Brazil",2012,445190645,1034,15386.7577261731,2003-10-29,7.1,"South America"
170,"South Africa",2011,1130450041,981,33656.2990166793,2001-06-27,12.2,"Africa"
171,"Germany",2002,594894138,1032,52378.9022943411,2016-03-08,1.7,"Europe"
172,"France",2007,754399311,978,32502.3937648681,2013-07-03,15.5,"Europe"
173,"Australia",2000,834312009,1043,40277.2442054841,2006-05-23,20,"Oceania"
174,"UK",2013,826930119,1015,50301.8885638933,2013-10-09,4.5,"Europe"
175,"South Africa",2010,1229819603,1004,32993.055127587,2009-12-29,6.3,"Africa"
176,"India",2021,462340958,1026,4411.74520448321,2012-01-03,3.9,"Asia"
177,"Australia",2010,19967668,982,27159.1781448408,2016-09-20,14.6,"Oceania"
178,"India",2007,935302138,1018,42359.7457842905,2014-02-26,29.2,"Asia"
179,"South Africa",2016,1038697099,1033,14811.561217671,2012-10-08,8.7,"Africa"
180,"UK",2003,962345563,1004,25202.4407689569,2006-11-30,8.7,"Europe"
181,"China",2011,1099719915,981,23329.2507058234,2019-08-16,14.7,"Asia"
182,"Australia",2014,269857065,950,-5055.49466295537,2012-10-27,5.2,"Oceania"
183,"Australia",2023,509155719,1000,42108.4654345109,2010-05-25,25.1,"Oceania"
184,"Australia",2013,1239099501,1034,15172.5529873924,2015-03-30,12,"Oceania"
185,"Germany",2018,607020692,996,9772.2448348575,2017-05-25,26.3,"Europe"
186,"India",2010,342769913,1017,19227.846053201,2007-08-18,21.4,"Asia"
187,"France",2016,144794406,981,22019.9468422638,2009-11-10,22.9,"Europe"
188,"USA",2005,761727112,982,34284.2213175043,2012-10-08,0.2,"North America"
189,"South Africa",2011,647418017,1052,6546.51139238953,2007-08-07,-1.8,"Africa"
190,"South Africa",2018,1055431196,1034,13217.1847469476,2021-10-02,15.6,"Africa"
191,"USA",2020,528378726,952,21814.4634246286,2004-04-04,11.4,"North America"
192,"South Africa",2016,1059468506,940,30584.2910077807,2002-07-09,11.6,"Africa"
193,"USA",2005,195615854,997,45769.7790479597,2008-06-18,14,"North America"
194,"South Africa",2004,953079680,1023,22083.0734145127,2020-06-06,31,"Africa"
195,"Germany",2016,114662608,1087,34664.8488903181,2020-12-21,10.4,"Europe"
196,"India",2023,344810270,1058,47003.1594296945,2004-03-30,8.8,"Asia"
197,"Germany",2015,1022510821,1021,-11448.0374035148,2010-03-09,31.3,"Europe"
198,"South Africa",2008,1331844664,1030,26577.7296402191,2015-12-31,17.2,"Africa"
199,"Australia",2010,1078617680,920,42134.6508916961,2000-11-15,17.4,"Oceania"
200,"UK",2004,293063981,994,27219.4646866618,2016-11-05,2,"Europe"
201,"France",2013,704066605,1053,41243.3906158384,2008-09-18,22.5,"Europe"
202,"Canada",2004,541676249,974,27174.366253072,2010-05-14,26.7,"North America"
203,"USA",2010,778038576,977,42836.8814127784,2019-09-23,22.1,"North America"
204,"Germany",2023,713014492,1048,32425.8269883447,2007-09-07,3.5,"Europe"
205,"Australia",2012,1159964783,982,24639.5943665926,2023-08-15,29.5,"Oceania"
206,"UK",2019,560180196,979,31426.8028475368,2018-11-06,12,"Europe"
207,"Brazil",2003,518360138,993,23302.009406066,2022-04-02,33.4,"South America"
208,"Australia",2003,1218787995,949,50919.3395231257,2004-08-16,19.6,"Oceania"
209,"USA",2010,895316065,985,48583.4472355636,2005-12-01,19.2,"North America"
210,"Canada",2020,275733896,991,37172.3376191095,2021-09-18,35.1,"North America"
211,"UK",2019,1496424003,948,24332.8683582185,2010-11-29,27.1,"Europe"
212,"South Africa",2005,1225075381,990,21601.1019911265,2010-08-07,19.6,"Africa"
213,"USA",2009,574087096,953,16836.2419454514,2003-11-22,7.1,"North America"
214,"Germany",2019,291078162,961,20732.2789690859,2003-02-20,24,"Europe"
215,"Germany",2016,303784919,958,26262.7612390053,2014-05-13,22.7,"Europe"
216,"Australia",2010,56946619,972,35652.1779238029,2022-03-24,9.9,"Oceania"
217,"China",2007,1440494062,1029,61252.2135219823,2012-02-24,12.8,"Asia"
218,"India",2020,252046659,1001,41375.8998411576,2023-01-16,12.2,"Asia"
219,"Australia",2004,597197758,985,20259.5817053476,2010-10-18,-1.4,"Oceania"
220,"Germany",2018,1345583441,949,46964.2791825212,2010-09-16,21.8,"Europe"
221,"Canada",2010,811361957,986,9466.0136666818,2005-01-16,0.1,"North America"
222,"South Africa",2000,319246037,959,14820.8775285504,2014-01-15,18.5,"Africa"
223,"France",2001,1021460465,976,12402.2329136892,2007-08-09,-0.5,"Europe"
224,"India",2011,1463049959,1007,29666.900721005,2003-08-16,24.6,"Asia"
225,"Australia",2013,788204643,1001,2485.89854724527,2005-11-14,23.2,"Oceania"
226,"USA",2002,815317287,993,51390.3946531947,2011-09-20,33.7,"North America"
227,"Germany",2015,516586697,1067,40971.5381434377,2000-07-05,3.1,"Europe"
228,"Germany",2019,174865290,999,46419.1546053801,2017-07-28,24.5,"Europe"
229,"China",2003,1203390332,968,29454.9901288141,2001-12-12,12.8,"Asia"
230,"Germany",2003,982265461,989,45825.3112390389,2007-08-01,17.2,"Europe"
231,"India",2000,1361297106,994,34953.4848551606,2011-04-10,10.9,"Asia"
232,"UK",2016,1474150508,1033,45245.537194798,2015-12-19,19.2,"Europe"
233,"Canada",2020,76854018,1002,19666.2599934374,2023-10-24,3.9,"North America"
234,"USA",2003,744021550,975,20476.389614737,2021-02-05,6,"North America"
235,"USA",2016,1023746022,939,37442.6321953546,2019-07-23,23.2,"North America"
236,"Canada",2006,634450967,995,13590.5953121125,2001-06-15,-13.9,"North America"
237,"USA",2004,1142646142,1008,58896.8290376335,2017-05-12,12.3,"North America"
238,"Canada",2008,409847767,1020,33526.6097375356,2010-05-15,10.6,"North America"
239,"China",2005,827653505,960,40360.3897050705,2008-10-01,22.5,"Asia"
240,"USA",2008,1466512185,962,34486.0658939891,2021-07-22,19.3,"North America"
241,"Brazil",2002,1194813631,999,56102.3767311266,2008-04-22,1.5,"South America"
242,"Canada",2008,888656634,1053,22514.9735831779,2006-07-10,29.8,"North America"
243,"Canada",2016,389730738,990,28101.2973737652,2003-03-04,25.6,"North America"
244,"Germany",2002,496029349,942,32020.3507062882,2016-09-06,29.4,"Europe"
245,"Australia",2005,257579904,987,27227.3519039154,2011-08-09,5.3,"Oceania"
246,"South Africa",2017,531203041,963,31126.345833839,2012-06-12,34,"Africa"
247,"France",2016,1420502916,1030,23256.5607516276,2003-02-10,27.1,"Europe"
248,"South Africa",2012,331232220,1058,43173.1175028684,2000-02-16,26.6,"Africa"
249,"South Africa",2011,1254416980,980,27464.3982483496,2021-09-24,2.9,"Africa"
250,"France",2014,517204043,1083,29227.2748677709,2004-08-29,14.3,"Europe"
251,"Brazil",2009,1009953180,1025,30576.279512549,2016-01-09,16.9,"South America"
252,"UK",2020,735233831,1021,16091.2722296785,2015-11-12,1.3,"Europe"
253,"Brazil",2015,363288256,1064,37280.4890846846,2010-08-22,13,"South America"
254,"India",2000,984145779,990,24331.3811431646,2023-12-24,22.8,"Asia"
255,"Brazil",2005,734957071,993,33281.8294012628,2011-02-22,18.1,"South America"
256,"Canada",2014,851346253,955,31413.6122914066,2004-12-20,17.4,"North America"
257,"India",2021,1410768282,967,35489.1516501738,2015-09-01,29.5,"Asia"
258,"Brazil",2007,790699831,981,36211.6784896669,2023-11-16,7.5,"South America"
259,"Australia",2000,807886265,1037,34471.8363319623,2019-08-09,22.9,"Oceania"
260,"India",2005,482947338,990,42581.2082424118,2000-12-23,25.7,"Asia"
261,"Australia",2016,961995089,1018,20591.0197008596,2003-05-10,1.9,"Oceania"
262,"UK",2021,1437995287,992,23626.7912760322,2009-07-22,-4.9,"Europe"
263,"Canada",2005,649811854,983,36213.5978851382,2014-04-03,24.6,"North America"
264,"France",2004,1198995097,999,15966.8896463839,2012-03-26,12.5,"Europe"
265,"South Africa",2008,509522477,982,47589.6477242713,2009-05-24,39,"Africa"
266,"Australia",2009,707207343,996,26859.4648497738,2021-03-03,18.2,"Oceania"
267,"India",2002,12241311,1003,28808.2302597842,2003-08-14,14.7,"Asia"
268,"Germany",2008,1163829482,971,16711.3527188968,2009-01-01,-2.3,"Europe"
269,"USA",2020,1453876472,964,45748.1237488866,2003-02-26,6.9,"North America"
270,"Brazil",2022,1448918535,1012,35866.9054354589,2019-05-05,1.2,"South America"
271,"Canada",2017,1105530382,984,35400.7325961133,2003-04-09,43.5,"North America"
272,"Germany",2021,482553225,1020,22770.5299834437,2006-04-02,2.2,"Europe"
273,"USA",2022,543253151,960,19021.9716099197,2013-06-10,21.2,"North America"
274,"Brazil",2018,613675200,1012,20577.0729035615,2001-07-29,28.4,"South America"
275,"Australia",2005,201463054,1007,55567.7136342781,2002-03-05,11.8,"Oceania"
276,"Canada",2005,1273394409,1016,28723.2591893292,2005-08-16,16.4,"North America"
277,"France",2007,867146681,1063,61180.6278813706,2008-03-04,4.2,"Europe"
278,"Brazil",2003,963406940,1029,30726.7671598362,2020-12-31,14.9,"South America"
279,"Brazil",2021,399303749,1006,38145.8887761633,2004-08-26,11.4,"South America"
280,"Australia",2016,1224102266,1056,18492.7304993908,2010-12-08,7.5,"Oceania"
281,"Canada",2019,363021144,1018,47446.1184311574,2006-07-26,21,"North America"
282,"USA",2005,611856415,1020,24495.6456339562,2012-06-06,6.7,"North America"
283,"France",2006,696336206,1039,37650.5617850457,2003-06-14,-0.5,"Europe"
284,"South Africa",2006,878089557,1005,10618.2031719924,2010-01-01,23.2,"Africa"
285,"China",2010,1410140437,1022,39578.4690827477,2006-01-24,17,"Asia"
286,"South Africa",2020,1145122887,991,36525.0480273902,2014-04-04,-1.2,"Africa"
287,"South Africa",2000,763557907,1033,-4182.95971342375,2016-10-09,8,"Africa"
288,"UK",2018,1211291368,1012,17824.7968329405,2003-07-07,23.5,"Europe"
289,"France",2007,44965519,982,14604.3195079518,2019-10-01,5,"Europe"
290,"UK",2016,1192795939,982,43564.220727021,2022-02-12,22.7,"Europe"
291,"UK",2013,55619015,1071,38448.6846027752,2014-04-17,11.7,"Europe"
292,"Australia",2023,679785814,1001,17869.4687518291,2009-10-09,0.8,"Oceania"
293,"China",2006,729554225,991,26817.8705538162,2002-11-05,19.7,"Asia"
294,"India",2002,809001308,980,41710.5812939456,2017-06-05,-9.9,"Asia"
295,"South Africa",2000,512592926,1010,5938.53756779253,2015-01-01,8.5,"Africa"
296,"USA",2023,786705394,955,30448.7487211632,2019-02-16,14.1,"North America"
297,"Canada",2014,286466796,990,34226.5478307429,2007-07-01,17.5,"North America"
298,"China",2023,253638114,992,36411.4595451224,2016-09-11,17.6,"Asia"
299,"Brazil",2022,688510705,990,13968.4115253633,2013-06-13,16.1,"South America"
300,"South Africa",2013,909019651,976,20084.2815297459,2000-12-30,28.8,"Africa"
301,"India",2011,115406891,1006,36642.0627781848,2011-11-16,32.1,"Asia"
302,"USA",2016,1344281898,1041,32682.5285054247,2013-11-07,33.3,"North America"
303,"Canada",2007,335366291,1020,42391.4995590356,2014-10-08,1.9,"North America"
304,"Brazil",2000,323870159,929,44597.2643624636,2016-04-21,6.9,"South America"
305,"Brazil",2021,19792035,935,32161.7801439129,2000-02-25,2.4,"South America"
306,"France",2001,201899181,997,56889.298305598,2010-07-21,10.8,"Europe"
307,"South Africa",2004,1234244516,994,32302.7997710174,2008-01-08,18.1,"Africa"
308,"Germany",2012,545739140,996,35449.9507216823,2014-12-30,16.9,"Europe"
309,"UK",2018,1368596093,1015,36467.8663222367,2018-06-27,12.7,"Europe"
310,"Canada",2019,195132346,991,12901.4760842866,2007-03-25,13.4,"North America"
311,"USA",2023,880630660,990,32106.6115007053,2005-08-30,10.8,"North America"
312,"USA",2021,69282327,974,25192.3510115395,2009-06-26,6.4,"North America"
313,"Germany",2008,211624456,1012,32993.0127594583,2013-09-18,7.7,"Europe"
314,"Canada",2015,518826423,1008,29761.0623274803,2014-05-29,6.7,"North America"
315,"Canada",2020,988547319,1002,23885.0235844343,2001-09-21,9.9,"North America"
316,"Brazil",2000,328823838,978,12431.4420035789,2008-03-29,1.1,"South America"
317,"Germany",2016,1312098048,1003,15460.1377060857,2012-11-01,27.3,"Europe"
318,"France",2017,1465201241,1007,-1837.38354413415,2001-02-16,34.5,"Europe"
319,"South Africa",2009,17470787,1037,34169.9722791931,2022-04-02,1.9,"Africa"
320,"Brazil",2008,1468216636,1032,27656.1719901653,2003-05-28,27.6,"South America"
321,"Brazil",2010,971260781,951,39618.5556619637,2022-03-29,16.1,"South America"
322,"USA",2000,900527237,990,34174.8854932357,2023-08-12,15.3,"North America"
323,"China",2001,64123467,989,20056.6557836092,2022-08-23,15.6,"Asia"
324,"USA",2010,159279860,975,21256.1137368419,2018-11-09,19.6,"North America"
325,"UK",2016,1057631836,1020,10493.385575804,2004-02-06,16,"Europe"
326,"China",2013,970483827,1037,18403.9413729397,2005-10-17,6.4,"Asia"
327,"South Africa",2017,395713414,1005,66687.4832135923,2012-06-19,16.4,"Africa"
328,"South Africa",2013,1006024870,965,40083.3606031632,2019-11-01,23.7,"Africa"
329,"China",2019,48615599,936,11440.8171518013,2021-07-27,12.6,"Asia"
330,"India",2007,863446498,949,-3187.35585321403,2013-04-06,2.8,"Asia"
331,"Canada",2023,664066024,969,20826.6309924775,2008-08-15,-1.5,"North America"
332,"USA",2004,193397553,1017,37299.0483012883,2000-12-22,21.2,"North America"
333,"UK",2008,288113854,1016,34273.6857223073,2017-11-11,14.4,"Europe"
334,"Australia",2009,1292771136,1040,20670.7029252569,2020-02-07,9.1,"Oceania"
335,"Germany",2016,998068540,977,19759.0726374441,2006-02-19,17.3,"Europe"
336,"China",2019,907461757,994,34206.4010593396,2014-04-08,8,"Asia"
337,"Canada",2006,937612652,936,38162.1812712035,2008-10-27,14.2,"North America"
338,"Germany",2021,175623332,984,73679.3570473934,2016-05-14,17.9,"Europe"
339,"Canada",2011,485622824,998,27011.9898118313,2002-11-16,-5.4,"North America"
340,"France",2010,478312064,1011,25807.2972522799,2006-04-10,5.2,"Europe"
341,"South Africa",2017,1150791262,1002,36201.6084990348,2004-11-02,1.8,"Africa"
342,"South Africa",2011,202711977,999,20260.1845282051,2001-06-27,2.6,"Africa"
343,"Australia",2006,978649850,1008,43852.0486621995,2009-06-29,30.5,"Oceania"
344,"India",2002,433675295,968,10635.6037897782,2000-09-02,26.8,"Asia"
345,"France",2013,1402142525,990,32098.4046805849,2011-12-09,22.6,"Europe"
346,"Brazil",2017,1416071322,1000,946.971741914851,2016-06-11,11.3,"South America"
347,"China",2015,1436493140,1056,38501.0983978073,2011-10-15,26.8,"Asia"
348,"India",2016,822691166,1038,26639.9521185622,2000-02-16,2.8,"Asia"
349,"UK",2005,882920417,1015,53063.1700290979,2012-02-11,-5,"Europe"
350,"China",2005,1386293639,981,13975.2176931901,2008-01-11,-15.3,"Asia"
351,"Brazil",2003,715880292,1011,11873.3239595248,2023-02-26,17.3,"South America"
352,"China",2020,1271801576,1008,49939.8874360281,2008-01-03,15.4,"Asia"
353,"France",2004,1047638309,1033,31805.7383843031,2000-04-22,7.1,"Europe"
354,"UK",2013,1311837438,994,3642.28575404896,2022-08-29,19.9,"Europe"
355,"India",2009,1466532904,952,40553.5739537849,2007-10-07,15.4,"Asia"
356,"South Africa",2007,17998749,1023,17568.8594579517,2015-07-14,12,"Africa"
357,"China",2021,428054795,991,36038.2633993281,2009-06-06,27.7,"Asia"
358,"UK",2009,756040096,1002,45732.1444541902,2010-05-28,29.4,"Europe"
359,"South Africa",2022,1140903705,998,29590.4421548522,2000-04-19,25.4,"Africa"
360,"Australia",2013,581890251,1039,39001.948044039,2001-05-04,21,"Oceania"
361,"France",2014,1407921343,1045,54122.8823805604,2017-11-13,5,"Europe"
362,"Brazil",2018,1122869322,1011,21288.6725001275,2007-05-27,12.5,"South America"
363,"UK",2000,822985806,1023,16746.9886498254,2008-12-25,14.6,"Europe"
364,"Australia",2001,84469723,977,39238.7499461318,2000-02-29,16.5,"Oceania"
365,"Australia",2014,529307517,1011,32727.281041034,2015-09-09,26.2,"Oceania"
366,"UK",2009,113916886,971,33276.7005043984,2011-11-20,0.8,"Europe"
367,"UK",2004,163986580,1029,36447.0106932957,2014-08-16,1.4,"Europe"
368,"France",2004,472030993,1007,33193.3646923086,2014-04-09,14.4,"Europe"
369,"Germany",2022,310462485,1024,37956.1128505917,2022-03-24,0.3,"Europe"
370,"USA",2016,1268817,1035,11596.6708320999,2002-05-06,26.2,"North America"
371,"China",2016,1439070941,1031,36532.6147294048,2000-05-24,13.3,"Asia"
372,"India",2017,131651044,990,59591.9797260015,2003-05-16,-11.9,"Asia"
373,"Germany",2001,1104290279,1013,29873.9285949197,2013-07-15,12.6,"Europe"
374,"France",2010,260274954,1041,23735.3564884368,2014-05-31,17.1,"Europe"
375,"Brazil",2004,341980003,1056,38003.2422401127,2019-06-04,7.3,"South America"
376,"China",2016,1181619792,962,49294.0318357445,2011-11-24,2.3,"Asia"
377,"South Africa",2013,333341864,990,29360.9002611134,2008-03-30,15.1,"Africa"
378,"Germany",2002,1453097674,1016,37970.9305013569,2021-07-04,27.2,"Europe"
379,"India",2009,1078266564,994,23168.5278267997,2004-10-01,10.2,"Asia"
380,"UK",2012,747428714,981,20161.6364019758,2015-12-10,26.1,"Europe"
381,"Australia",2018,823864965,1023,22895.6211822661,2009-11-25,29,"Oceania"
382,"Brazil",2001,816941134,1008,49979.5890791655,2021-08-12,2.4,"South America"
383,"South Africa",2016,47992144,1014,53176.3471445388,2007-01-29,23.7,"Africa"
384,"India",2008,722148486,1011,13024.7172345497,2007-07-12,13.9,"Asia"
385,"Canada",2018,198150073,1008,32790.9074669223,2002-02-08,17.5,"North America"
386,"Australia",2017,1310209866,1002,36640.1326852111,2021-10-03,32.6,"Oceania"
387,"France",2008,815966448,1028,8743.28216916306,2008-09-21,24.8,"Europe"
388,"UK",2021,79521059,1022,33771.7056672953,2007-12-20,10.2,"Europe"
389,"France",2013,545330393,1025,23679.4773577325,2015-07-26,0,"Europe"
390,"Canada",2014,586275635,1035,2992.50498191301,2011-08-10,18.6,"North America"
391,"Canada",2005,1197197841,1017,40854.3499465784,2016-11-05,20.3,"North America"
392,"China",2007,1350163463,995,22104.7788170983,2014-10-31,27.1,"Asia"
393,"China",2019,626980494,1001,7487.43263517339,2021-10-04,29.3,"Asia"
394,"Germany",2001,770544852,1004,61910.3071585759,2003-07-19,17.2,"Europe"
395,"Australia",2000,1430444601,1058,42041.3052640911,2006-11-03,16.7,"Oceania"
396,"India",2017,1320390022,1028,47560.1768117992,2005-07-25,19.4,"Asia"
397,"Brazil",2006,607004092,1002,32246.6209669975,2018-01-07,25.8,"South America"
398,"India",2006,36557809,1018,-5999.30877901128,2010-04-12,16.7,"Asia"
399,"China",2003,1108968648,989,20341.8787097455,2016-08-04,11.1,"Asia"
400,"South Africa",2004,1007651800,1011,7983.84857956806,2006-08-30,4.5,"Africa"
401,"Germany",2010,1146028156,1006,22772.3268000747,2012-05-09,15.1,"Europe"
402,"USA",2009,1085343835,987,34141.3692942992,2009-05-20,14.8,"North America"
403,"India",2010,452699704,990,37934.0103600035,2013-03-09,15,"Asia"
404,"France",2000,735715524,1015,31046.3942158279,2020-11-24,11.1,"Europe"
405,"China",2009,511884610,1049,8588.17257833555,2013-05-29,9.1,"Asia"
406,"UK",2022,1188496066,987,38688.572468508,2012-03-11,24.3,"Europe"
407,"France",2020,758959997,974,18591.3077038942,2016-11-20,13.6,"Europe"
408,"USA",2011,421339150,999,-1603.13417824038,2011-04-17,30.6,"North America"
409,"Brazil",2006,298963089,1025,9057.23919299917,2014-06-30,7.2,"South America"
410,"UK",2004,814321188,971,41865.0825133889,2020-09-03,-3.4,"Europe"
411,"USA",2017,1465611969,975,34348.4555299852,2018-09-18,13.4,"North America"
412,"Germany",2007,356296625,1013,18167.0104365652,2014-05-03,24.1,"Europe"
413,"UK",2014,1313389349,1025,-26029.6800567791,2015-10-10,13.5,"Europe"
414,"Canada",2006,1045773391,1039,39009.6976993111,2001-03-10,-0.8,"North America"
415,"India",2013,672097122,1024,38513.8263225104,2011-02-03,9.2,"Asia"
416,"Brazil",2009,346973532,965,27238.7735659607,2014-06-02,14.6,"South America"
417,"South Africa",2023,868587958,1012,18684.3361385487,2022-09-26,28,"Africa"
418,"Brazil",2015,1143077625,1002,8637.29630709629,2004-01-17,26.2,"South America"
419,"USA",2002,840633745,984,21373.3712457906,2021-05-28,23.1,"North America"
420,"India",2021,1179807956,1008,24401.9578088773,2010-10-29,19.7,"Asia"
421,"France",2022,528072158,1004,15978.4457417479,2002-05-27,6.9,"Europe"
422,"UK",2010,558638221,996,14130.6846988821,2019-04-11,23.1,"Europe"
423,"Germany",2002,503826162,1035,46006.1950972918,2005-03-30,27.2,"Europe"
424,"India",2007,159645815,1033,22100.135105349,2021-10-17,22.4,"Asia"
425,"Brazil",2016,1471696594,1029,35163.7823334819,2000-08-15,26.8,"South America"
426,"Canada",2021,840956385,974,33889.5921530154,2007-05-21,18,"North America"
427,"China",2012,784895783,969,36586.2115873091,2004-10-17,25.2,"Asia"
428,"UK",2014,1300741154,953,22625.4860698102,2018-06-24,29,"Europe"
429,"France",2011,209240090,1018,38598.7478049367,2001-08-31,5.3,"Europe"
430,"South Africa",2008,381648465,1013,32154.0630138243,2015-09-03,30.2,"Africa"
431,"India",2018,324120057,982,48058.1788894265,2017-08-05,22.6,"Asia"
432,"France",2018,526819201,968,32145.2151512594,2011-08-05,22.1,"Europe"
433,"USA",2005,916701448,990,19415.475623627,2009-11-05,15.7,"North America"
434,"France",2012,1342106089,967,54401.0001370796,2020-02-21,5.4,"Europe"
435,"China",2008,423427112,994,25880.0423980961,2004-10-26,2.5,"Asia"
436,"Brazil",2010,72342064,955,32778.1030807521,2021-07-07,18,"South America"
437,"Canada",2013,1423469478,965,54290.0594120968,2008-10-28,13.6,"North America"
438,"Brazil",2018,1424371545,985,34705.1149166635,2020-04-29,25.7,"South America"
439,"USA",2020,1259066525,1007,40339.7941830404,2016-03-24,14.8,"North America"
440,"Canada",2022,170101731,1025,-6328.05331709988,2013-12-21,11.3,"North America"
441,"Canada",2017,4540223,979,11573.6150291025,2006-09-02,30.1,"North America"
442,"China",2021,1276479572,1005,14886.6207738337,2022-02-20,12.3,"Asia"
443,"South Africa",2023,1416100567,1050,34021.4615811927,2015-03-09,8.3,"Africa"
444,"UK",2020,776447130,985,39481.1413980454,2004-10-29,21.7,"Europe"
445,"Australia",2012,796751986,1015,9062.5549635087,2019-12-03,30,"Oceania"
446,"India",2011,875857266,1021,42105.519013666,2018-04-11,5.2,"Asia"
447,"China",2018,973134363,1041,81828.609740378,2000-06-26,12.3,"Asia"
448,"Brazil",2011,633950033,953,45381.7688917261,2021-11-28,11.5,"South America"
449,"France",2020,60625189,999,16496.0676944788,2004-12-25,15.3,"Europe"
450,"France",2019,1300448793,980,12035.1228298611,2007-09-01,18.3,"Europe"
451,"China",2003,410292463,1019,20443.2311610568,2022-04-13,22.3,"Asia"
452,"USA",2022,456751472,955,53922.1995236972,2005-05-04,25.5,"North America"
453,"Canada",2015,514156090,956,28262.5424881806,2005-03-13,7.7,"North America"
454,"Germany",2016,1258806150,1009,25161.761170808,2023-12-11,14.9,"Europe"
455,"China",2011,898807307,1050,46089.5142307075,2019-08-19,22.9,"Asia"
456,"China",2001,783070432,1048,55797.2619746993,2020-06-14,9.1,"Asia"
457,"India",2004,984904417,915,18588.2000644187,2000-08-28,19.6,"Asia"
458,"Germany",2018,599292089,1055,34404.1070613913,2014-06-12,32.4,"Europe"
459,"USA",2012,725687456,990,20871.1142362068,2006-11-02,1.6,"North America"
460,"South Africa",2006,1031853079,929,15132.088262611,2006-05-03,22.2,"Africa"
461,"Australia",2023,129541514,976,45508.2465297208,2006-10-03,14.3,"Oceania"
462,"Australia",2004,900497863,1011,25129.5459051385,2016-06-27,5,"Oceania"
463,"India",2006,636185889,993,39025.188648983,2013-06-22,17.6,"Asia"
464,"South Africa",2015,1170914550,1003,15150.8524827211,2003-09-20,14.5,"Africa"
465,"UK",2011,260310925,993,33819.8179073634,2011-01-23,4.8,"Europe"
466,"China",2010,472428017,1001,-1885.05097273547,2021-02-25,15.2,"Asia"
467,"UK",2018,209381603,1017,13150.2893116427,2013-06-21,20.8,"Europe"
468,"Brazil",2005,9178000,985,45180.3170957792,2016-04-22,13,"South America"
469,"India",2023,202945522,1058,19956.1964465909,2019-10-28,33,"Asia"
470,"USA",2011,1451814716,1001,29068.5400015264,2008-08-01,30.6,"North America"
471,"France",2012,222847616,969,12452.0331174602,2010-11-29,7.5,"Europe"
472,"South Africa",2005,1402775812,1035,5502.92673511216,2002-12-28,28.8,"Africa"
473,"South Africa",2009,22780046,1021,26762.6801237536,2023-07-13,27.6,"Africa"
474,"USA",2007,532862491,1006,37663.912201704,2004-04-13,8.5,"North America"
475,"India",2009,955573755,1050,15346.1373670699,2019-06-12,30.7,"Asia"
476,"Germany",2005,1065578335,968,32042.2992520733,2016-11-28,31.7,"Europe"
477,"France",2018,1208056177,951,53166.2518089041,2015-02-20,21.3,"Europe"
478,"South Africa",2022,226139110,1001,26810.5591473071,2019-09-14,23.9,"Africa"
479,"France",2016,158453410,1018,28672.7336614307,2007-01-17,4.9,"Europe"
480,"Australia",2021,1377025380,1019,28569.8494163338,2013-11-16,33.6,"Oceania"
481,"China",2020,1329429059,1037,32947.3880792323,2001-07-26,9.1,"Asia"
482,"USA",2001,384896593,972,39315.3612274199,2015-07-03,11.4,"North America"
483,"France",2022,750063458,1016,20298.5399555494,2002-05-08,20.1,"Europe"
484,"Canada",2018,159718172,1044,40835.9873485357,2019-11-14,16,"North America"
485,"China",2018,1382426633,1028,18350.5183016004,2010-10-24,31.8,"Asia"
486,"South Africa",2019,349634197,996,32266.123401224,2021-06-19,7.7,"Africa"
487,"China",2012,851740392,1008,40887.1764821777,2021-01-04,9.6,"Asia"
488,"Australia",2000,1432077862,960,13185.3407511641,2002-06-23,17.6,"Oceania"
489,"China",2005,249882792,986,34265.1488181772,2004-05-25,20.6,"Asia"
490,"Australia",2004,322442952,989,35527.0123683084,2021-10-31,44.3,"Oceania"
491,"Australia",2017,1007242897,1003,27006.7145381686,2010-09-09,2,"Oceania"
492,"UK",2006,967656904,1001,22838.6632917723,2021-12-11,26.2,"Europe"
493,"USA",2016,477526841,1000,19368.7511618072,2016-03-22,23.9,"North America"
494,"Brazil",2014,518509243,947,48596.8762467151,2009-10-20,26,"South America"
495,"China",2004,33063969,995,11530.2553868003,2001-04-16,2.3,"Asia"
496,"Canada",2004,817095593,963,37866.5470901354,2014-05-09,18.6,"North America"
497,"USA",2012,47212371,974,28177.1962967385,2015-10-18,10,"North America"
498,"Australia",2007,41204094,981,11891.8870069947,2013-12-08,-2.5,"Oceania"
499,"India",2018,91419411,972,17079.4725755765,2021-08-23,6,"Asia"
500,"India",2000,1015297841,979,15944.4858052918,2003-07-23,4.6,"Asia"
501,"UK",2003,891219710,995,36772.2793492889,2002-10-10,31.4,"Europe"
502,"India",2023,420528619,1045,25861.9811412562,2007-07-15,7.9,"Asia"
503,"UK",2017,1109280083,1013,48078.5955394382,2015-07-13,24,"Europe"
504,"Australia",2003,687627904,1041,29756.0218882052,2002-11-16,21.1,"Oceania"
505,"UK",2007,1302307383,984,22390.6159137432,2020-03-07,7.1,"Europe"
506,"South Africa",2023,562103624,1058,21910.3305469599,2009-08-17,20.4,"Africa"
507,"Australia",2020,1068802527,964,16810.4604480802,2018-06-25,20.6,"Oceania"
508,"China",2021,1459025703,961,29073.1497031677,2011-03-03,3.5,"Asia"
509,"India",2022,308766473,976,17398.2322777592,2007-08-17,22.3,"Asia"
510,"Australia",2022,1275111065,971,29195.4786968085,2007-09-03,14.9,"Oceania"
511,"Brazil",2003,96393277,1046,36143.2318442045,2001-03-13,12.6,"South America"
512,"USA",2017,1328455250,955,3122.47219855226,2022-02-03,6.1,"North America"
513,"India",2013,383353486,1028,23402.222307066,2008-02-14,13.3,"Asia"
514,"Brazil",2011,761314674,966,34665.6525444699,2000-08-05,4.2,"South America"
515,"India",2010,334451634,995,29563.0600055796,2018-12-09,14.8,"Asia"
516,"South Africa",2023,646795293,1069,11840.829829895,2006-11-18,13.7,"Africa"
517,"Brazil",2010,1251119561,987,36047.1260467252,2006-12-09,12.5,"South America"
518,"France",2023,1353916167,1048,29508.0883230218,2019-05-31,26.1,"Europe"
519,"India",2016,1451421231,992,46153.1132430934,2013-02-04,8.8,"Asia"
520,"UK",2022,385781473,941,35691.9519048261,2002-10-14,13.7,"Europe"
521,"South Africa",2001,133604172,1001,16997.1654961899,2006-04-05,23.6,"Africa"
522,"USA",2009,1483873967,926,40371.0599019313,2002-05-15,28.2,"North America"
523,"China",2021,779862623,996,24293.8421193326,2014-07-09,14,"Asia"
524,"Germany",2003,1293569572,1019,38490.6355643468,2016-08-16,15.7,"Europe"
525,"Brazil",2005,1125283096,986,51296.2951389164,2002-06-17,26,"South America"
526,"Germany",2009,1358895642,1036,25324.4421265231,2022-10-13,18.2,"Europe"
527,"Germany",2018,1430357899,990,40529.6528188813,2009-10-12,18.3,"Europe"
528,"France",2005,84730799,974,4263.66225117344,2022-02-20,12.4,"Europe"
529,"Australia",2008,1066386355,999,-10038.3050557031,2020-06-25,16,"Oceania"
530,"USA",2023,166979905,1021,3132.80276443564,2006-04-13,15.1,"North America"
531,"UK",2015,841885306,1009,31801.4433860192,2015-04-04,20.8,"Europe"
532,"Brazil",2012,587689934,967,-8699.26326434715,2009-02-26,13.5,"South America"
533,"Germany",2008,345953053,970,-9470.99173975667,2000-10-04,11.9,"Europe"
534,"Canada",2006,1362494651,970,63314.5769980546,2023-02-05,14.3,"North America"
535,"USA",2018,309542751,991,34865.9948741017,2007-09-10,10.4,"North America"
536,"UK",2023,739811712,949,34046.0345917168,2004-05-30,30.5,"Europe"
537,"UK",2009,168301037,1054,29093.4982803111,2004-12-01,4.4,"Europe"
538,"South Africa",2017,854337699,999,49307.0330585765,2005-01-19,27.1,"Africa"
539,"South Africa",2023,959873930,975,26421.3273372855,2016-10-06,14.9,"Africa"
540,"Germany",2023,1326776688,1001,41338.4548475408,2010-08-14,-5.2,"Europe"
541,"France",2007,882543478,1019,31555.247560677,2022-09-13,9.6,"Europe"
542,"UK",2015,617741829,969,21240.0184878897,2001-10-26,26.6,"Europe"
543,"Brazil",2014,184995099,1036,16706.6290186874,2001-09-16,2.1,"South America"
544,"Brazil",2017,873523463,982,3397.93503993088,2016-02-26,16.3,"South America"
545,"USA",2016,1122863649,997,28880.4234476622,2015-07-26,2.7,"North America"
546,"India",2015,121635199,1028,6258.77938116201,2013-03-04,15.8,"Asia"
547,"Germany",2004,84345990,1059,22846.4833761335,2020-08-18,25.2,"Europe"
548,"India",2022,677928702,1050,12269.4274297093,2013-12-25,12.9,"Asia"
549,"Australia",2002,919319609,1030,31492.0387038035,2009-09-10,24.6,"Oceania"
550,"Australia",2005,113323444,939,49420.8228182797,2023-03-01,22.3,"Oceania"
551,"China",2023,1224781587,1009,44556.6464252463,2000-12-25,27.1,"Asia"
552,"USA",2018,555684823,1023,16981.8805235993,2015-06-27,28.3,"North America"
553,"Germany",2010,932162501,977,-1893.72853179652,2022-09-15,25,"Europe"
554,"Germany",2010,752239874,956,26918.8064703536,2000-11-14,18.9,"Europe"
555,"China",2011,1465152186,981,13400.0486555951,2010-12-10,15.6,"Asia"
556,"Canada",2000,268753103,944,21766.1402009718,2016-01-19,16.4,"North America"
557,"France",2007,1211182925,990,34783.710220842,2003-03-15,18.6,"Europe"
558,"Canada",2006,877234437,967,28724.4070278308,2012-12-05,6,"North America"
559,"UK",2014,925228564,973,64012.4029467369,2001-04-01,9.1,"Europe"
560,"South Africa",2004,106064346,986,30342.5288067735,2009-12-25,10,"Africa"
561,"India",2002,372865582,962,46018.5646061858,2022-08-16,9.8,"Asia"
562,"France",2006,191704157,964,14711.4331039549,2001-12-28,12.2,"Europe"
563,"China",2012,472054655,1047,26684.5158062198,2014-03-11,14.4,"Asia"
564,"USA",2019,1276125279,996,41874.4761576944,2006-01-29,7.1,"North America"
565,"China",2008,861444139,986,40153.8436603237,2008-10-07,-7.3,"Asia"
566,"Germany",2020,1291872230,1001,9849.02772212372,2016-01-26,35.2,"Europe"
567,"Australia",2011,1184462389,1018,20762.2579147657,2013-11-17,6.8,"Oceania"
568,"China",2013,968214364,1053,29889.394493925,2016-06-06,25.2,"Asia"
569,"South Africa",2006,1124114940,990,27488.526350187,2001-11-11,8.8,"Africa"
570,"UK",2008,273902357,985,21837.7071855366,2018-04-01,20,"Europe"
571,"Australia",2022,734545645,965,11980.355792693,2021-10-20,13.6,"Oceania"
572,"Australia",2003,54193255,1063,52306.9318045369,2016-11-07,21,"Oceania"
573,"UK",2018,883860614,962,41592.1958374875,2007-12-17,-3.5,"Europe"
574,"Brazil",2008,686094243,1038,46560.0656848324,2023-04-24,17.4,"South America"
575,"India",2001,493834721,971,30539.247157888,2019-07-18,13.5,"Asia"
576,"UK",2023,536303215,1006,46297.8245659914,2022-09-07,28.9,"Europe"
577,"China",2016,1469794384,948,36409.6647051054,2013-03-27,11.7,"Asia"
578,"China",2011,1467812554,991,28361.4720435149,2001-06-18,11.1,"Asia"
579,"Germany",2013,1036981040,1068,19651.4964031246,2011-06-26,-3.4,"Europe"
580,"Germany",2009,239626505,999,11371.7158459781,2001-08-21,16.6,"Europe"
581,"China",2006,658548429,980,34554.1491628807,2007-08-23,21.2,"Asia"
582,"France",2015,790258463,1033,44767.4604419796,2023-06-04,12.7,"Europe"
583,"UK",2001,554623496,970,26294.6853825255,2010-09-12,9.2,"Europe"
584,"Brazil",2009,9617208,1018,16405.8343374297,2013-11-01,18.6,"South America"
585,"South Africa",2018,1116371562,1043,42580.1155109903,2014-09-16,3,"Africa"
586,"India",2001,673802019,1000,13977.9461867611,2023-07-08,18.1,"Asia"
587,"Germany",2020,890759119,1019,27000.1683352971,2008-03-31,25.1,"Europe"
588,"China",2007,677115398,1007,28934.4074004753,2004-06-08,13.4,"Asia"
589,"Australia",2000,1032106050,1014,43600.8866735054,2012-10-29,11.1,"Oceania"
590,"South Africa",2000,102439831,993,3706.78089697684,2001-09-11,11.5,"Africa"
591,"Brazil",2014,656568783,1070,38652.4091844485,2019-11-11,19.9,"South America"
592,"South Africa",2023,204481002,1041,15359.6988409895,2012-11-16,2.3,"Africa"
593,"China",2017,986683704,1014,24906.6306977896,2009-01-27,6.6,"Asia"
594,"Brazil",2023,1187151652,992,30206.7415024541,2013-03-17,0.1,"South America"
595,"Canada",2002,329166178,997,29884.981111013,2002-12-25,12.3,"North America"
596,"South Africa",2015,857598232,1045,27893.6783566635,2020-05-05,14.6,"Africa"
597,"China",2003,523676988,1000,15284.3695942124,2023-07-23,15.9,"Asia"
598,"South Africa",2006,639594837,1034,35337.5943478394,2017-11-01,13.3,"Africa"
599,"India",2001,246891433,999,34752.9023397469,2023-11-21,-3.3,"Asia"
600,"India",2013,1190916607,1004,22669.8457527102,2023-02-24,2.2,"Asia"
601,"France",2003,741933245,1042,38688.259102856,2019-07-21,12,"Europe"
602,"USA",2016,487804098,983,52319.9167368011,2004-09-05,17.8,"North America"
603,"UK",2018,622105344,958,35006.0190353759,2022-08-18,16.9,"Europe"
604,"USA",2022,140046070,941,42196.8388944794,2005-03-06,4.5,"North America"
605,"Germany",2007,406452307,1015,36772.585699829,2010-01-25,25.2,"Europe"
606,"South Africa",2018,1440786126,986,42391.2600616311,2022-09-19,15.5,"Africa"
607,"South Africa",2006,837321830,1003,36976.039495315,2015-09-01,11.5,"Africa"
608,"Canada",2011,160549271,994,26099.3516425368,2018-01-11,17.7,"North America"
609,"India",2001,390846290,1015,35167.7520571584,2002-08-25,23.5,"Asia"
610,"China",2017,1021429109,1028,41028.6926730366,2013-04-10,21,"Asia"
611,"Brazil",2015,286649115,985,17563.0396325719,2023-10-15,11,"South America"
612,"Canada",2022,1008630340,1030,33381.0861655915,2002-10-31,3.2,"North America"
613,"France",2016,816259503,1039,47913.5539082669,2009-09-27,23.6,"Europe"
614,"Brazil",2010,1254571698,985,20302.0986175116,2014-04-18,4.5,"South America"
615,"Australia",2001,985215072,1034,29764.1851659568,2009-08-17,8.1,"Oceania"
616,"India",2013,1082299747,1037,28004.3068651329,2012-03-07,26.5,"Asia"
617,"Australia",2016,1481904582,930,49795.5576515709,2013-04-18,9.7,"Oceania"
618,"France",2021,1254361696,985,17497.9450790896,2011-06-20,12.4,"Europe"
619,"China",2012,138567233,994,31915.8403885413,2015-05-07,19.7,"Asia"
620,"Australia",2021,1417400286,1003,26075.2786081192,2000-02-06,28.4,"Oceania"
621,"Germany",2022,247004735,1026,20462.708466319,2019-10-31,5.2,"Europe"
622,"India",2008,966679163,981,62620.1481725686,2014-11-23,22.4,"Asia"
623,"Australia",2014,245254119,985,35024.409546812,2001-09-26,14.7,"Oceania"
624,"Canada",2002,655094709,1024,46071.4143963259,2002-09-28,29.2,"North America"
625,"China",2023,796003859,1010,38079.2174143997,2016-02-03,24.6,"Asia"
626,"Australia",2005,1249960938,997,43898.1384399886,2018-07-28,14.5,"Oceania"
627,"China",2009,263271239,917,60718.5909005447,2017-04-18,7.5,"Asia"
628,"UK",2011,1490263371,995,30923.0398807649,2009-01-01,2,"Europe"
629,"India",2014,419297238,1003,43851.8080217471,2010-04-13,4.9,"Asia"
630,"China",2008,231810126,991,49920.0600945025,2007-08-16,10.6,"Asia"
631,"Canada",2014,1001644904,948,50224.1130298927,2005-11-16,2.9,"North America"
632,"France",2003,668842918,1018,71828.3003916559,2005-08-01,13.6,"Europe"
633,"USA",2008,1431800842,996,34308.8241964586,2010-07-29,9.6,"North America"
634,"South Africa",2004,584629616,970,30896.299753876,2006-05-27,34.8,"Africa"
635,"France",2013,284745390,992,33837.3731907611,2001-04-19,26,"Europe"
636,"Germany",2016,456507099,1014,46050.0626779674,2022-08-18,20.1,"Europe"
637,"South Africa",2001,698331179,1030,44775.9177755522,2002-10-10,9.4,"Africa"
638,"Australia",2018,733205730,974,34661.032540979,2023-07-26,35.2,"Oceania"
639,"Canada",2004,1147178765,953,37011.5814449925,2020-10-08,12.2,"North America"
640,"Brazil",2023,46894598,969,44646.1927985295,2005-05-02,14.6,"South America"
641,"Brazil",2010,876303582,1032,6652.01899820273,2005-01-19,-4.3,"South America"
642,"Canada",2000,1475918264,1022,49654.8085111227,2017-02-26,25.9,"North America"
643,"South Africa",2006,467565816,1006,16097.1543003426,2012-06-27,14.5,"Africa"
644,"China",2014,713647545,1021,33351.2711658886,2011-06-05,4.8,"Asia"
645,"China",2004,227887433,968,56132.8458693606,2014-02-06,14.9,"Asia"
646,"Canada",2022,1310922877,979,33495.1634411357,2021-06-05,25.8,"North America"
647,"France",2010,866111252,1001,19855.4999075613,2002-05-28,15.8,"Europe"
648,"India",2015,486106125,1020,23823.8618798786,2014-04-04,18,"Asia"
649,"USA",2009,848438003,1028,29208.9215724993,2007-02-25,25.6,"North America"
650,"India",2001,8390564,1046,14811.120534056,2006-12-04,5.8,"Asia"
651,"China",2005,1479322466,1010,29629.4739480421,2020-02-18,12.5,"Asia"
652,"France",2011,14456912,995,28773.4068266557,2023-11-12,21.9,"Europe"
653,"South Africa",2018,1394194496,1029,26720.846341649,2016-11-13,1,"Africa"
654,"USA",2011,1398270586,969,35817.0908486255,2017-09-20,27,"North America"
655,"India",2002,1168412779,989,28943.8271635715,2022-08-02,4.2,"Asia"
656,"India",2007,1035889128,985,22944.3145957229,2023-09-17,17.7,"Asia"
657,"Brazil",2022,238131143,968,22859.8485853859,2006-12-28,16.8,"South America"
658,"USA",2012,725557760,996,21666.6061687397,2023-01-05,9.1,"North America"
659,"China",2015,1007653678,986,21627.9724532596,2020-02-08,17.2,"Asia"
660,"South Africa",2001,827108565,956,22225.875218931,2023-11-15,13.1,"Africa"
661,"USA",2012,816199006,984,19761.0694559968,2008-11-06,23.9,"North America"
662,"USA",2012,219799709,1008,16613.6840971495,2013-01-23,1.5,"North America"
663,"Canada",2020,1060368926,1019,33973.9407522293,2012-12-07,28,"North America"
664,"Canada",2005,209717808,1001,31006.71710046,2013-05-27,12.5,"North America"
665,"UK",2018,342382055,1022,50117.1933352188,2023-07-24,7.6,"Europe"
666,"South Africa",2010,242634900,1017,15153.3571344951,2003-08-10,4.4,"Africa"
667,"South Africa",2011,1016873679,1007,40221.8202138798,2023-06-10,25.8,"Africa"
668,"Germany",2010,376056079,1038,20340.4459994003,2010-11-22,-0.4,"Europe"
669,"Australia",2000,610855312,1006,35215.9171791641,2020-08-06,16.4,"Oceania"
670,"Brazil",2007,483271646,1003,2263.8995548058,2007-04-19,9,"South America"
671,"India",2000,1210028076,995,17761.6033588098,2010-07-30,7.3,"Asia"
672,"India",2023,232961153,998,49036.9871831092,2009-01-08,13.4,"Asia"
673,"Canada",2007,1051973919,1026,43310.3437978453,2015-11-04,15.6,"North America"
674,"Canada",2011,1110177620,986,31086.231688945,2008-07-01,11.3,"North America"
675,"Germany",2007,1198105905,1015,28643.5636941338,2020-04-15,7.5,"Europe"
676,"China",2015,1326210716,971,22121.5962105527,2010-09-02,22.3,"Asia"
677,"UK",2009,77147804,992,28601.8308258852,2022-10-19,21.6,"Europe"
678,"UK",2014,63122641,948,19474.6099676741,2015-11-17,31.5,"Europe"
679,"India",2009,342954302,1014,20994.0112685433,2018-04-18,5.1,"Asia"
680,"South Africa",2023,516983171,1040,56412.6503799146,2014-11-03,4.9,"Africa"
681,"Germany",2007,1184536924,986,42250.4520992665,2020-07-15,6.8,"Europe"
682,"Canada",2007,79758602,938,69395.2869390697,2012-10-06,3.5,"North America"
683,"Canada",2001,451496541,979,43638.4799975505,2004-12-21,34.8,"North America"
684,"Brazil",2013,793922121,1022,27166.2669277715,2011-03-22,-10.1,"South America"
685,"France",2017,1300156801,988,35472.4940330399,2018-03-19,0.9,"Europe"
686,"Canada",2010,472794353,956,33550.0957826267,2020-09-01,7.4,"North America"
687,"South Africa",2001,1316537616,1050,49052.463760809,2005-11-18,12.6,"Africa"
688,"Australia",2018,167194583,1005,24970.4681152688,2019-11-19,13.5,"Oceania"
689,"Brazil",2015,328091622,900,59712.3043896348,2012-04-03,25.1,"South America"
690,"France",2001,249322762,1027,19215.3823902454,2013-10-06,27.8,"Europe"
691,"Brazil",2008,1130915351,998,27672.0949923056,2016-08-24,4.6,"South America"
692,"China",2022,658035730,967,28115.7898530048,2001-02-04,17.3,"Asia"
693,"USA",2004,252502894,968,26713.1153894636,2019-01-13,-1.9,"North America"
694,"Canada",2005,1014604301,988,56670.0886695967,2015-05-21,23.9,"North America"
695,"Germany",2017,882397166,1014,20239.6631322283,2000-03-05,6.3,"Europe"
696,"Germany",2016,360744416,982,38579.8102213767,2014-04-01,19.4,"Europe"
697,"UK",2011,774212574,953,5227.38957103342,2005-10-31,5.1,"Europe"
698,"India",2014,446999987,977,13598.3540282943,2020-06-13,15.2,"Asia"
699,"Brazil",2001,585512156,1024,42330.8424465822,2003-11-28,14.9,"South America"
700,"South Africa",2013,111968784,974,14666.4811083725,2020-02-28,4.3,"Africa"
701,"India",2001,1044892168,1015,30410.8504035693,2003-05-31,18.8,"Asia"
702,"South Africa",2015,586514371,1015,16704.453035607,2004-01-09,47.8,"Africa"
703,"India",2014,508911041,1006,24411.229210775,2021-03-14,15.2,"Asia"
704,"Canada",2009,648609555,951,14573.4836885173,2008-07-19,10.8,"North America"
705,"Canada",2020,1463566707,952,29168.1562171141,2004-09-10,9.8,"North America"
706,"Canada",2023,84528048,993,31511.5614256065,2005-12-09,11.4,"North America"
707,"Brazil",2002,1273940070,1015,24320.2233202091,2005-06-19,16.7,"South America"
708,"China",2001,1060158325,1002,417.558250552054,2016-12-10,6.3,"Asia"
709,"Australia",2010,1255946726,1022,23569.4561732797,2007-09-29,30.2,"Oceania"
710,"USA",2007,856097123,1034,-979.26220268114,2001-08-18,21,"North America"
711,"India",2015,59549922,954,18326.7000822228,2014-12-27,24.2,"Asia"
712,"China",2008,1105619075,1013,36150.1009684335,2008-08-11,28.8,"Asia"
713,"USA",2014,98510215,1024,21274.733800182,2022-08-11,4.1,"North America"
714,"Australia",2012,72462096,988,12300.5558861839,2021-12-15,5.6,"Oceania"
715,"Brazil",2022,1269005238,1015,41383.8012764894,2009-01-19,18.3,"South America"
716,"Australia",2017,229444460,1020,8188.97271946751,2019-04-28,10.2,"Oceania"
717,"Canada",2014,1254719649,945,14997.3542183749,2003-11-23,20.1,"North America"
718,"UK",2011,1322817091,1043,35127.0189613279,2010-03-21,14.3,"Europe"
719,"China",2020,493282515,992,1932.17752825719,2012-08-06,22.1,"Asia"
720,"UK",2008,465158593,1030,38853.3935579007,2010-02-27,-1.1,"Europe"
721,"Canada",2002,205318819,952,34318.6265907423,2016-05-09,22,"North America"
722,"France",2012,1062272611,1031,41152.633926242,2023-12-17,-3.5,"Europe"
723,"Brazil",2008,820203862,1016,45067.8819106446,2008-07-14,14.8,"South America"
724,"India",2015,676040647,1005,10482.2036553892,2012-09-18,19.7,"Asia"
725,"Brazil",2004,860905518,1029,27844.3593376989,2010-10-31,7.1,"South America"
726,"India",2007,266332002,1015,2031.72166673947,2002-09-17,30,"Asia"
727,"India",2017,1133562794,1004,46881.4439752974,2000-11-30,17.2,"Asia"
728,"India",2005,11535305,943,52932.3312172084,2016-01-20,-1.1,"Asia"
729,"India",2007,4787738,996,50162.9971775131,2009-09-20,30.6,"Asia"
730,"China",2010,829399470,996,29579.2910197913,2002-05-26,18.1,"Asia"
731,"China",2010,9610749,1011,27396.4943828945,2018-02-02,12.2,"Asia"
732,"USA",2021,681976641,965,26085.0139206549,2020-06-24,22.2,"North America"
733,"Germany",2005,389592543,1011,44977.6285909997,2009-03-06,2.5,"Europe"
734,"Australia",2003,141446976,987,20722.763510454,2009-04-21,15,"Oceania"
735,"USA",2014,1089401468,1022,17177.2030275703,2000-03-15,17.8,"North America"
736,"France",2016,550493863,986,36445.2199231668,2023-12-09,-14.2,"Europe"
737,"Australia",2007,643930727,1060,17140.6289705655,2008-11-18,10.9,"Oceania"
738,"South Africa",2021,812307421,953,27469.5446839883,2016-02-09,8.1,"Africa"
739,"South Africa",2010,1189489760,926,40471.9236197831,2006-07-15,18.6,"Africa"
740,"China",2021,198781295,999,57383.1019712691,2017-05-08,26.1,"Asia"
741,"China",2017,1364563255,961,15702.9044219176,2021-06-30,16.5,"Asia"
742,"India",2013,224679149,1000,16526.9691943249,2007-08-24,7,"Asia"
743,"India",2011,1372028414,1021,20814.7426487742,2003-01-02,14.2,"Asia"
744,"USA",2007,420232329,942,58952.2555657804,2018-04-26,4.9,"North America"
745,"South Africa",2002,1470968084,972,39054.7105821735,2006-09-06,4.9,"Africa"
746,"Australia",2009,1332914954,979,36200.6962625121,2006-06-25,-10,"Oceania"
747,"China",2018,1278902475,1011,17416.5582902681,2017-07-05,12.4,"Asia"
748,"Brazil",2011,1196709947,1002,9819.48038342525,2008-12-12,20.9,"South America"
749,"China",2013,911490550,1006,38350.5204492414,2017-04-14,17.7,"Asia"
750,"France",2012,194956782,981,59076.3520136611,2012-10-12,4.5,"Europe"
751,"USA",2005,747342073,1006,20977.456563973,2004-03-18,10.3,"North America"
752,"UK",2022,1363215977,1022,21040.1184567148,2013-10-06,26.3,"Europe"
753,"Brazil",2006,195047193,1010,47638.2246654785,2000-10-22,22.4,"South America"
754,"Germany",2020,786607345,1023,57864.3204767252,2004-10-12,20.4,"Europe"
755,"India",2020,582299512,974,-3582.26959472297,2022-07-22,11.8,"Asia"
756,"Canada",2003,995753866,1004,30112.0511992523,2023-11-05,14.5,"North America"
757,"China",2009,35815910,965,30596.9586517189,2004-04-19,3.9,"Asia"
758,"China",2015,652640213,1006,39272.0071496811,2006-01-15,15.4,"Asia"
759,"UK",2022,373788210,1001,38280.1074172486,2016-05-16,19,"Europe"
760,"China",2015,181733912,1005,24507.6607395672,2009-08-17,15.5,"Asia"
761,"South Africa",2002,1168544626,999,55106.022638534,2022-09-12,17.1,"Africa"
762,"France",2018,1349596182,965,7913.18439907214,2008-11-29,-9,"Europe"
763,"Canada",2018,608976123,1010,28443.5872164604,2004-10-10,17.9,"North America"
764,"USA",2006,1105760654,1031,26895.7269765201,2003-03-26,11.7,"North America"
765,"Australia",2020,1463284338,1040,-1234.3859469666,2021-09-17,2.4,"Oceania"
766,"Brazil",2005,1181782286,1003,83181.9091861456,2013-10-11,12,"South America"
767,"Germany",2014,609017671,1029,47153.3039386621,2017-11-10,16.9,"Europe"
768,"Germany",2001,974029124,1005,45493.8642014523,2017-07-31,5.4,"Europe"
769,"Australia",2013,111215517,1015,31056.3258835551,2001-10-11,15.2,"Oceania"
770,"UK",2003,514014252,970,38266.6650268849,2017-10-09,3.2,"Europe"
771,"South Africa",2021,997856810,995,18824.028352333,2021-10-22,4.2,"Africa"
772,"Brazil",2021,382461148,1009,10584.4414660631,2023-07-16,33.1,"South America"
773,"Brazil",2009,24485190,966,49857.5176176741,2022-07-21,22.7,"South America"
774,"France",2004,1394720277,1009,40417.2762467645,2008-06-25,-0.8,"Europe"
775,"South Africa",2011,997033833,1047,32114.2262397712,2005-09-07,12.6,"Africa"
776,"UK",2003,1388202205,1019,31736.4124854457,2008-10-17,16.3,"Europe"
777,"India",2002,124449020,1022,25664.4559681935,2014-09-20,11.9,"Asia"
778,"Australia",2006,34590763,973,41547.5236016771,2008-08-27,26,"Oceania"
779,"Brazil",2010,1466602048,998,32045.2615494244,2021-02-02,37.6,"South America"
780,"France",2021,155390756,980,26065.9209394678,2003-05-28,9.2,"Europe"
781,"Germany",2014,1197481536,1003,38718.6759031611,2016-04-20,23.4,"Europe"
782,"Australia",2001,283198593,1062,23376.0094306596,2017-12-22,26.2,"Oceania"
783,"UK",2008,394797279,969,33475.9725924083,2005-05-29,19.1,"Europe"
784,"Brazil",2012,5305945,959,40249.3705686138,2013-10-21,19.7,"South America"
785,"India",2010,249754294,1011,32924.1040997586,2013-11-13,27.3,"Asia"
786,"UK",2022,1284261651,967,6529.54738530282,2020-03-12,16.2,"Europe"
787,"Germany",2007,159110700,994,28939.9905809511,2009-12-21,-4.8,"Europe"
788,"China",2007,1246690938,1000,29763.2441383048,2020-12-03,19.5,"Asia"
789,"India",2005,1154355308,1042,23465.1947653258,2003-09-23,2.1,"Asia"
790,"China",2004,447878565,992,34778.6576455745,2019-09-06,8.9,"Asia"
791,"France",2008,1207654171,943,40645.2394284754,2005-01-22,12.6,"Europe"
792,"China",2008,304953278,1064,46385.2764679837,2019-06-10,-6.2,"Asia"
793,"India",2004,388790422,1078,25301.0075356081,2012-03-08,13.2,"Asia"
794,"USA",2015,1455408552,987,24687.0789353976,2015-11-25,23.9,"North America"
795,"France",2009,1390350580,1000,15150.057921385,2010-08-25,8.8,"Europe"
796,"South Africa",2000,1210369142,973,44299.6340367522,2018-10-30,0.1,"Africa"
797,"France",2009,1269047388,1040,34259.0924246476,2019-04-16,12,"Europe"
798,"South Africa",2001,917413635,1004,17411.2870371984,2012-08-14,9.3,"Africa"
799,"UK",2002,1020979202,1005,42501.5406612445,2013-07-02,18.1,"Europe"
800,"Australia",2012,1478299445,1047,18566.5965411257,2002-04-03,8.8,"Oceania"
801,"Australia",2006,1396999852,1005,37477.0605823832,2010-03-01,8,"Oceania"
802,"South Africa",2012,300733517,1021,52328.4743679038,2001-12-14,18.6,"Africa"
803,"UK",2021,18909737,1015,28446.2000200385,2014-03-26,20,"Europe"
804,"Germany",2014,1203966903,998,43420.892530918,2011-01-02,26.5,"Europe"
805,"Australia",2005,504923485,983,22191.0698131657,2018-05-19,25.7,"Oceania"
806,"Brazil",2014,1365183308,997,43495.0215302512,2001-05-13,8.4,"South America"
807,"Brazil",2001,565887193,1040,33586.6921114592,2007-09-17,24.1,"South America"
808,"Canada",2016,109323545,949,17062.0130175662,2022-06-18,1.8,"North America"
809,"India",2002,220853705,997,26977.7359062574,2005-10-23,16.6,"Asia"
810,"USA",2017,703130675,1038,47108.4498942209,2011-08-29,-4.9,"North America"
811,"Brazil",2009,1096044059,1001,18425.6394981663,2007-06-11,19,"South America"
812,"India",2011,902890220,1029,26659.1367094168,2006-04-20,4.3,"Asia"
813,"Canada",2007,1048422929,990,18458.4934818171,2009-09-08,14.3,"North America"
814,"Australia",2007,874536842,976,35624.9467854596,2002-10-28,17.7,"Oceania"
815,"Germany",2008,579812934,1017,37167.4403550557,2022-07-26,0,"Europe"
816,"USA",2003,130104229,1027,30932.6120513358,2018-06-06,24,"North America"
817,"South Africa",2019,1118905711,953,24578.4395756509,2005-08-18,26,"Africa"
818,"Australia",2014,954238845,1029,1549.70548416207,2000-10-06,17.8,"Oceania"
819,"Australia",2016,461674839,1014,26423.2109679366,2014-10-22,2.6,"Oceania"
820,"India",2001,1104631144,985,47257.3656711744,2014-04-12,0.2,"Asia"
821,"Canada",2006,1392537596,977,19086.3248865557,2020-12-23,0,"North America"
822,"China",2012,644571033,953,59132.6238402838,2002-02-27,10.5,"Asia"
823,"India",2007,997276481,1008,39457.2376440577,2000-09-06,13.9,"Asia"
824,"France",2020,1337260453,979,26432.8856137447,2013-08-04,18.5,"Europe"
825,"India",2020,409881933,971,52982.8097272376,2003-08-09,23,"Asia"
826,"South Africa",2021,1292422392,1001,49400.9212520462,2023-03-07,9.8,"Africa"
827,"Canada",2016,1260554636,993,25537.5466133302,2011-07-13,26,"North America"
828,"Canada",2011,389902909,1031,39238.1580262432,2015-11-03,11.3,"North America"
829,"Germany",2012,1320802918,996,47138.683698407,2004-04-22,0,"Europe"
830,"India",2015,1170739126,1022,17007.9928738553,2004-08-28,22.1,"Asia"
831,"South Africa",2009,451622778,1019,34726.5368012788,2022-06-17,20.6,"Africa"
832,"Australia",2004,768099157,1011,29107.0439694561,2000-10-06,16.2,"Oceania"
833,"India",2014,315059683,1009,16357.8565673407,2016-05-05,19.9,"Asia"
834,"France",2005,384967312,947,59654.0933866508,2015-05-30,29.3,"Europe"
835,"UK",2020,626320609,1022,31619.232097132,2018-11-10,11.7,"Europe"
836,"Brazil",2016,481580014,998,24106.0646250038,2010-10-07,25.1,"South America"
837,"Brazil",2004,73200327,977,40527.5981955799,2019-01-25,9.5,"South America"
838,"South Africa",2010,1150593753,1030,48656.526059467,2020-01-29,28.8,"Africa"
839,"Canada",2015,1287856618,1022,42324.1562140505,2010-05-01,13.3,"North America"
840,"Brazil",2011,168072771,980,47052.0792309697,2006-09-02,12.7,"South America"
841,"USA",2010,337221560,1054,-14462.9447143498,2006-07-04,21.2,"North America"
842,"USA",2023,681755863,1028,31565.7524126345,2013-03-04,21.1,"North America"
843,"USA",2007,157640377,973,26523.8811823822,2020-10-28,29.4,"North America"
844,"UK",2000,739415344,1012,18977.7086962719,2016-05-01,19.7,"Europe"
845,"Brazil",2022,1365153825,979,44427.357998344,2019-12-28,25.1,"South America"
846,"Canada",2002,694215228,1019,23379.9620060346,2016-05-10,21.8,"North America"
847,"India",2013,788712522,924,18520.0118367449,2010-01-08,10.2,"Asia"
848,"Canada",2009,843537632,994,30962.3425625082,2001-06-04,27.7,"North America"
849,"Canada",2019,1419500608,978,31919.0804163589,2004-10-02,5.3,"North America"
850,"India",2022,818771635,945,54886.7613303845,2014-11-27,25.2,"Asia"
851,"South Africa",2014,892470867,970,17895.6447344772,2014-10-20,6,"Africa"
852,"UK",2006,1274000278,956,48850.5439384548,2012-03-10,24.8,"Europe"
853,"UK",2022,730885251,969,35098.5852881223,2007-05-06,13.9,"Europe"
854,"China",2021,97776274,1001,18204.742409061,2006-01-01,15.4,"Asia"
855,"Australia",2015,1238299518,1017,39834.7927937477,2010-03-07,34.3,"Oceania"
856,"Brazil",2011,1140270995,1051,27644.5483441573,2002-06-27,7.4,"South America"
857,"Australia",2019,1406003064,1028,40094.8030610237,2003-06-06,25.5,"Oceania"
858,"Brazil",2008,92656196,1018,48651.2226452301,2002-06-25,8.2,"South America"
859,"France",2002,1131341774,1015,45970.1922998778,2014-01-10,15.2,"Europe"
860,"Germany",2018,714199086,963,44461.1216967756,2023-06-01,13.8,"Europe"
861,"Canada",2012,1324744846,1031,13902.0376873905,2019-07-24,34.4,"North America"
862,"France",2007,1491574935,1038,6289.04138447936,2012-04-26,27.7,"Europe"
863,"USA",2016,16927841,967,37499.2030330918,2007-12-29,15.8,"North America"
864,"Germany",2003,245493357,959,10944.2059375406,2004-12-23,16.3,"Europe"
865,"Brazil",2009,783885890,1021,25858.1536510021,2023-03-21,15.8,"South America"
866,"Brazil",2016,714131557,1022,41313.8657745348,2018-01-07,1.2,"South America"
867,"Brazil",2009,1336822004,1019,55607.1335416676,2006-05-19,-1.8,"South America"
868,"France",2004,559530686,1009,37081.5987061594,2017-05-26,13.1,"Europe"
869,"Australia",2010,47865791,1009,26851.7528021043,2016-07-04,12.9,"Oceania"
870,"Brazil",2008,1101032541,986,45720.9815803516,2014-05-20,7.7,"South America"
871,"Canada",2011,1200974156,1019,7456.20954981801,2021-07-10,6.1,"North America"
872,"Germany",2004,336011660,1052,21764.1256298926,2001-11-05,14.5,"Europe"
873,"Germany",2023,920876589,998,16183.3791021868,2004-12-03,32.8,"Europe"
874,"India",2003,1360565967,990,31743.8090174322,2017-12-17,11.5,"Asia"
875,"Canada",2001,1157354740,1009,22012.9086754114,2010-06-17,26.3,"North America"
876,"China",2000,697307768,986,14653.4517263997,2009-05-14,12.5,"Asia"
877,"India",2018,1080850063,1005,15952.468565941,2007-06-30,18.1,"Asia"
878,"India",2015,1415090064,1023,23150.6893345121,2000-01-06,36.7,"Asia"
879,"China",2010,1146052899,978,27426.7472111924,2015-04-30,17.9,"Asia"
880,"Germany",2006,1481315451,954,42181.9235889317,2018-12-25,8.5,"Europe"
881,"Canada",2023,163876545,990,25541.118890956,2023-05-28,-2.1,"North America"
882,"Brazil",2004,1404065124,1025,41718.0532809546,2005-04-14,9.9,"South America"
883,"Australia",2001,894650546,963,52638.0879439489,2019-04-27,25,"Oceania"
884,"Brazil",2008,1392821549,1015,27871.8066748759,2022-05-30,10.3,"South America"
885,"Brazil",2020,1146499681,1045,38931.1580656779,2016-02-28,23.2,"South America"
886,"Germany",2014,181220653,1068,31737.4563065806,2007-02-16,12.6,"Europe"
887,"India",2005,1362267051,981,37064.6615810178,2006-02-25,1,"Asia"
888,"China",2005,1288342994,956,44392.2999015427,2012-04-22,-4,"Asia"
889,"South Africa",2022,846202140,1006,63031.390846471,2009-04-22,4.9,"Africa"
890,"UK",2003,1176650645,979,23274.5131480792,2008-08-24,15.1,"Europe"
891,"Brazil",2021,72449212,1042,45827.462604469,2010-08-23,10,"South America"
892,"India",2014,1244022781,1012,12266.7032264214,2009-06-07,7.1,"Asia"
893,"China",2005,122858848,1013,28733.362654551,2004-03-04,15.9,"Asia"
894,"USA",2002,595837103,1018,11880.8743535946,2013-08-14,4.1,"North America"
895,"India",2020,21197239,1064,49273.3925001435,2007-12-28,24.7,"Asia"
896,"Australia",2009,577619706,966,23173.558755681,2014-04-14,9,"Oceania"
897,"Brazil",2004,60133606,990,23346.3265248732,2009-02-19,13.3,"South America"
898,"South Africa",2005,1013404563,1038,24471.3416226218,2000-03-03,6,"Africa"
899,"France",2000,1379838944,1055,47268.2577996879,2015-10-09,20.5,"Europe"
900,"UK",2002,672719694,942,-276.803047768321,2009-08-03,18.7,"Europe"
901,"Australia",2007,1158097180,1057,41629.3733499801,2017-12-25,10.6,"Oceania"
902,"Germany",2001,474080180,980,16597.0010934248,2004-12-29,-4.7,"Europe"
903,"Australia",2013,697118804,976,26732.8522186787,2017-10-11,16.6,"Oceania"
904,"Australia",2018,1250175902,1041,27003.328739845,2007-11-12,19.3,"Oceania"
905,"Germany",2000,1461149727,989,46946.0906457172,2012-01-06,19.9,"Europe"
906,"France",2022,1480845886,972,25939.948687479,2020-07-26,25.5,"Europe"
907,"France",2002,40852960,936,43906.3403630779,2022-03-09,6.8,"Europe"
908,"France",2004,1440976304,1038,27729.0244930354,2020-05-20,7.6,"Europe"
909,"China",2023,291537367,983,29264.0656781251,2009-07-04,2.2,"Asia"
910,"UK",2012,577664178,931,21527.0429953092,2005-08-06,23.6,"Europe"
911,"China",2008,130365156,1042,37365.2777365772,2007-01-01,10.4,"Asia"
912,"India",2016,343343695,944,42629.0151424854,2022-06-12,7,"Asia"
913,"India",2014,1143785923,1009,31480.0915703765,2016-01-06,14.5,"Asia"
914,"Germany",2013,194578220,954,26857.322898235,2001-08-04,13.1,"Europe"
915,"China",2016,419378258,986,15676.7133819447,2011-10-23,8.6,"Asia"
916,"USA",2016,767823782,978,1563.59038533312,2011-06-25,34.7,"North America"
917,"India",2020,736603479,989,24781.9754041089,2001-07-04,7.6,"Asia"
918,"South Africa",2007,1089776760,1020,12325.8443264386,2003-10-10,26.4,"Africa"
919,"India",2004,404853794,1021,47046.8601551853,2002-03-01,21,"Asia"
920,"Germany",2011,630103527,959,10797.2082951993,2013-11-26,33.2,"Europe"
921,"USA",2019,654132427,1007,48461.5350628972,2008-09-27,16.1,"North America"
922,"India",2019,669089803,1032,45061.1097489316,2007-12-22,15.1,"Asia"
923,"India",2004,725244869,987,20574.1573988416,2018-04-10,8.8,"Asia"
924,"Brazil",2023,888878273,962,7456.09706017354,2010-09-20,3,"South America"
925,"Brazil",2017,293186194,959,21181.6148633432,2007-07-04,12,"South America"
926,"Australia",2007,343696395,1048,45940.1807259506,2001-06-16,9.1,"Oceania"
927,"USA",2018,1033965882,936,26809.6122439032,2014-03-19,9.8,"North America"
928,"Australia",2002,767900252,994,14013.3684637603,2022-03-26,18.7,"Oceania"
929,"India",2004,595572119,1022,11802.5757117547,2012-04-07,10.5,"Asia"
930,"France",2007,923740721,982,48994.3983524054,2015-10-17,-19.1,"Europe"
931,"USA",2011,1247807002,1024,40135.408398644,2010-07-05,12.9,"North America"
932,"China",2004,3048615,1003,35203.0194277228,2006-05-17,16.9,"Asia"
933,"Germany",2022,1441096839,1041,38837.1013725763,2007-06-04,14.3,"Europe"
934,"South Africa",2014,516383526,1073,56208.4928752165,2005-03-16,17,"Africa"
935,"Australia",2023,52487141,966,28723.1384937583,2009-04-23,10.5,"Oceania"
936,"Germany",2009,728669125,936,36776.1681880139,2022-05-27,24.5,"Europe"
937,"Brazil",2021,1490110017,1009,35824.5968445952,2015-12-20,11.6,"South America"
938,"USA",2021,259719226,977,30531.3703104899,2021-07-31,10.4,"North America"
939,"France",2019,658676312,955,26329.8614120597,2020-05-15,24.2,"Europe"
940,"UK",2008,590028602,1006,26675.4986252902,2001-07-06,26.9,"Europe"
941,"China",2008,848283998,1012,28805.7332832168,2013-07-09,10.8,"Asia"
942,"Australia",2020,1313648709,1110,26279.5977147738,2003-01-05,13.7,"Oceania"
943,"Australia",2016,1040426097,949,17226.6504438605,2002-06-15,7.9,"Oceania"
944,"China",2008,517504500,964,38020.9034867947,2008-04-16,16.3,"Asia"
945,"India",2009,806633612,1034,36926.9735705039,2008-01-20,32.4,"Asia"
946,"UK",2023,1427633389,989,20307.1640935947,2013-02-28,23.8,"Europe"
947,"China",2004,107704607,970,21520.0124728988,2013-12-12,21.5,"Asia"
948,"Germany",2010,1049300474,1058,35381.8277737714,2009-08-17,19.7,"Europe"
949,"USA",2015,7128969,998,40150.8430425622,2012-12-14,12.9,"North America"
950,"USA",2013,880262217,1010,46770.2217072555,2011-10-26,-1.7,"North America"
951,"Germany",2013,1264110461,1041,43442.3655807093,2011-09-26,22.5,"Europe"
952,"Brazil",2012,384297789,994,57709.1665543262,2015-06-18,16.4,"South America"
953,"UK",2014,1138066384,988,12028.761801522,2016-12-03,9.8,"Europe"
954,"Brazil",2013,1317790230,951,36008.4451624837,2002-04-10,28.1,"South America"
955,"Canada",2006,708076770,982,61832.9113181853,2010-04-11,23.5,"North America"
956,"South Africa",2009,353260995,983,57665.4541344268,2021-10-10,27.1,"Africa"
957,"Brazil",2008,817248963,983,22553.0859121928,2016-08-12,22.5,"South America"
958,"South Africa",2012,1257433558,1040,33639.6868982106,2001-07-04,7.4,"Africa"
959,"Germany",2013,817601214,985,35470.4327152235,2008-06-01,12.5,"Europe"
960,"China",2015,619685382,1034,30508.0103727227,2021-02-03,-4.1,"Asia"
961,"USA",2004,534842087,1060,16177.503359074,2001-08-04,13,"North America"
962,"Germany",2012,640931264,1018,23659.0914691453,2001-03-26,-2.8,"Europe"
963,"Brazil",2013,418184250,1045,47502.1565474079,2022-06-07,16.1,"South America"
964,"France",2007,566176140,950,60622.5157657149,2013-08-05,16.5,"Europe"
965,"Canada",2006,1350264422,1050,34429.3550230338,2009-01-25,8.8,"North America"
966,"USA",2002,1248598400,1060,11346.805205639,2007-10-13,14.8,"North America"
967,"India",2012,829798221,1004,-16152.9905150633,2016-03-26,-1.2,"Asia"
968,"USA",2013,1086674811,993,31485.7360529745,2022-01-28,18.8,"North America"
969,"China",2012,1156548897,963,23728.9792310509,2017-08-25,34,"Asia"
970,"Brazil",2020,22766767,972,17637.9997100075,2003-11-15,21,"South America"
971,"Canada",2012,61489367,1002,4629.31412376029,2006-01-25,32.3,"North America"
972,"South Africa",2013,1242268240,932,49504.8327952637,2015-01-17,13.5,"Africa"
973,"Brazil",2017,1034008792,1060,21678.2949360114,2012-10-26,12.3,"South America"
974,"Germany",2019,153280115,997,16073.6840488332,2022-02-16,26.5,"Europe"
975,"China",2019,110268411,1033,43957.8670533608,2002-10-04,20.1,"Asia"
976,"USA",2010,534994833,957,41064.5375519702,2014-08-20,23,"North America"
977,"Canada",2007,1166386797,1000,35140.1071486286,2013-06-04,13.6,"North America"
978,"UK",2014,242974165,1001,26731.6718022158,2010-11-02,14.5,"Europe"
979,"India",2007,204683704,1012,26176.024708498,2012-04-08,17.5,"Asia"
980,"Germany",2014,687201335,993,35135.5570216693,2023-06-27,15.4,"Europe"
981,"South Africa",2000,393678271,1053,23771.8628111095,2015-08-07,22.9,"Africa"
982,"UK",2020,377838742,1034,21927.4375246383,2015-07-31,11.3,"Europe"
983,"China",2017,561019903,944,52070.2764277159,2022-06-06,5.8,"Asia"
984,"USA",2008,1440734666,992,14002.0149357515,2013-04-19,29.8,"North America"
985,"Germany",2011,844466779,1093,14964.9081958236,2000-12-10,7.6,"Europe"
986,"India",2016,348382640,984,14346.5798253971,2003-03-14,17.9,"Asia"
987,"France",2012,449047557,1042,21256.6606355347,2001-04-13,-3.6,"Europe"
988,"South Africa",2015,1061467275,1007,38574.2429600029,2011-06-17,8.6,"Africa"
989,"USA",2000,890995915,1009,25473.3433828289,2020-01-26,39.2,"North America"
990,"South Africa",2020,143320167,1025,19865.8541179393,2004-08-05,15.9,"Africa"
991,"India",2022,162993315,999,24913.8927716723,2014-04-30,23.2,"Asia"
992,"Canada",2005,694663711,998,36659.5424719673,2009-10-18,20.4,"North America"
993,"South Africa",2016,918502258,1009,21736.9628947603,2021-10-27,0.8,"Africa"
994,"Germany",2005,245661700,989,46660.0873796169,2010-10-07,23.6,"Europe"
995,"Brazil",2003,105775997,983,22368.6728629049,2015-08-06,4.8,"South America"
996,"Canada",2009,16309821,1022,25250.653646434,2019-11-11,22.1,"North America"
997,"France",2014,53093647,1001,34895.7651792623,2022-07-18,2.9,"Europe"
998,"Canada",2022,327465385,1031,17369.0213931777,2016-01-28,14.7,"North America"
999,"Brazil",2001,409516654,947,18213.467769056,2007-03-17,20.3,"South America"
1000,"Brazil",2006,1116260875,963,36982.8555514951,2020-01-30,11.7,"South America"
